name,number,rarity,url
Anubis,100,Epic,https://palworld.gg/pal/anubis
Arsox,42,Common,https://palworld.gg/pal/arsox
Astegon,98,Epic,https://palworld.gg/pal/astegon
Azurmane,136,Rare,https://palworld.gg/pal/azurmane
Azurobe,82,Rare,https://palworld.gg/pal/azurobe
Azurobe Cryst,82,Epic,https://palworld.gg/pal/azurobe-cryst
Bastigor,137,Epic,https://palworld.gg/pal/bastigor
Beakon,73,Rare,https://palworld.gg/pal/beakon
Beegarde,50,Common,https://palworld.gg/pal/beegarde
Bellanoir,112,Legendary,https://palworld.gg/pal/bellanoir
Bellanoir Libero,112,Legendary,https://palworld.gg/pal/bellanoir-libero
Blazamut,96,Epic,https://palworld.gg/pal/blazamut
Blazamut Ryu,96,Epic,https://palworld.gg/pal/blazamut-ryu
Blazehowl,84,Rare,https://palworld.gg/pal/blazehowl
Blazehowl Noct,84,Epic,https://palworld.gg/pal/blazehowl-noct
Blue Slime,-1,Common,https://palworld.gg/pal/blue-slime
Braloha,145,Rare,https://palworld.gg/pal/braloha
Bristla,30,Common,https://palworld.gg/pal/bristla
Broncherry,86,Rare,https://palworld.gg/pal/broncherry
Broncherry Aqua,86,Epic,https://palworld.gg/pal/broncherry-aqua
Bushi,72,Rare,https://palworld.gg/pal/bushi
Bushi Noct,72,Rare,https://palworld.gg/pal/bushi-noct
Caprity,35,Common,https://palworld.gg/pal/caprity
Caprity Noct,35,Common,https://palworld.gg/pal/caprity-noct
Cattiva,2,Common,https://palworld.gg/pal/cattiva
Cave Bat,-1,Common,https://palworld.gg/pal/cave-bat
Cawgnito,44,Common,https://palworld.gg/pal/cawgnito
Celaray,25,Common,https://palworld.gg/pal/celaray
Celaray Lux,25,Common,https://palworld.gg/pal/celaray-lux
Celesdir,132,Rare,https://palworld.gg/pal/celesdir
Chikipi,3,Common,https://palworld.gg/pal/chikipi
Chillet,55,Common,https://palworld.gg/pal/chillet
Chillet Ignis,55,Rare,https://palworld.gg/pal/chillet-ignis
Cinnamoth,41,Common,https://palworld.gg/pal/cinnamoth
Cremis,18,Common,https://palworld.gg/pal/cremis
Croajiro,114,Common,https://palworld.gg/pal/croajiro
Croajiro Noct,114,Rare,https://palworld.gg/pal/croajiro-noct
Cryolinx,83,Rare,https://palworld.gg/pal/cryolinx
Cryolinx Terra,83,Rare,https://palworld.gg/pal/cryolinx-terra
Daedream,19,Common,https://palworld.gg/pal/daedream
Dazemu,123,Rare,https://palworld.gg/pal/dazemu
Dazzi,62,Common,https://palworld.gg/pal/dazzi
Dazzi Noct,62,Common,https://palworld.gg/pal/dazzi-noct
Demon Eye,-1,Common,https://palworld.gg/pal/demon-eye
Depresso,17,Common,https://palworld.gg/pal/depresso
Digtoise,67,Rare,https://palworld.gg/pal/digtoise
Dinossom,64,Rare,https://palworld.gg/pal/dinossom
Dinossom Lux,64,Rare,https://palworld.gg/pal/dinossom-lux
Direhowl,26,Common,https://palworld.gg/pal/direhowl
Dogen,122,Rare,https://palworld.gg/pal/dogen
Dumud,43,Common,https://palworld.gg/pal/dumud
Dumud Gild,43,Rare,https://palworld.gg/pal/dumud-gild
Eikthyrdeer,37,Common,https://palworld.gg/pal/eikthyrdeer
Eikthyrdeer Terra,37,Rare,https://palworld.gg/pal/eikthyrdeer-terra
Elizabee,51,Epic,https://palworld.gg/pal/elizabee
Elphidran,80,Rare,https://palworld.gg/pal/elphidran
Elphidran Aqua,80,Epic,https://palworld.gg/pal/elphidran-aqua
Enchanted Sword,-1,Common,https://palworld.gg/pal/enchanted-sword
Eye of Cthulhu,-1,Rare,https://palworld.gg/pal/eye-of-cthulhu
Faleris,105,Epic,https://palworld.gg/pal/faleris
Faleris Aqua,105,Epic,https://palworld.gg/pal/faleris-aqua
Felbat,94,Rare,https://palworld.gg/pal/felbat
Fenglope,93,Common,https://palworld.gg/pal/fenglope
Fenglope Lux,93,Common,https://palworld.gg/pal/fenglope-lux
Finsider,152,Common,https://palworld.gg/pal/finsider
Finsider Ignis,152,Common,https://palworld.gg/pal/finsider-ignis
Flambelle,70,Common,https://palworld.gg/pal/flambelle
Flopie,28,Common,https://palworld.gg/pal/flopie
Foxcicle,57,Rare,https://palworld.gg/pal/foxcicle
Foxparks,5,Common,https://palworld.gg/pal/foxparks
Foxparks Cryst,5,Common,https://palworld.gg/pal/foxparks-cryst
Frostallion,110,Legendary,https://palworld.gg/pal/frostallion
Frostallion Noct,110,Legendary,https://palworld.gg/pal/frostallion-noct
Frostplume,143,Common,https://palworld.gg/pal/frostplume
Fuack,6,Common,https://palworld.gg/pal/fuack
Fuack Ignis,6,Common,https://palworld.gg/pal/fuack-ignis
Fuddler,22,Common,https://palworld.gg/pal/fuddler
Galeclaw,47,Common,https://palworld.gg/pal/galeclaw
Ghangler,153,Rare,https://palworld.gg/pal/ghangler
Ghangler Ignis,153,Rare,https://palworld.gg/pal/ghangler-ignis
Gildane,140,Epic,https://palworld.gg/pal/gildane
Gloopie,151,Rare,https://palworld.gg/pal/gloopie
Gobfin,31,Common,https://palworld.gg/pal/gobfin
Gobfin Ignis,31,Common,https://palworld.gg/pal/gobfin-ignis
Gorirat,49,Rare,https://palworld.gg/pal/gorirat
Gorirat Terra,49,Rare,https://palworld.gg/pal/gorirat-terra
Green Slime,-1,Common,https://palworld.gg/pal/green-slime
Grintale,52,Rare,https://palworld.gg/pal/grintale
Grizzbolt,103,Epic,https://palworld.gg/pal/grizzbolt
Gumoss,13,Common,https://palworld.gg/pal/gumoss
Hangyu,32,Common,https://palworld.gg/pal/hangyu
Hangyu Cryst,32,Common,https://palworld.gg/pal/hangyu-cryst
Helzephyr,97,Rare,https://palworld.gg/pal/helzephyr
Helzephyr Lux,97,Epic,https://palworld.gg/pal/helzephyr-lux
Herbil,141,Common,https://palworld.gg/pal/herbil
Hoocrates,15,Common,https://palworld.gg/pal/hoocrates
Icelyn,142,Common,https://palworld.gg/pal/icelyn
Illuminant Bat,-1,Common,https://palworld.gg/pal/illuminant-bat
Illuminant Slime,-1,Common,https://palworld.gg/pal/illuminant-slime
Incineram,40,Common,https://palworld.gg/pal/incineram
Incineram Noct,40,Rare,https://palworld.gg/pal/incineram-noct
Jelliette,150,Common,https://palworld.gg/pal/jelliette
Jellroy,149,Common,https://palworld.gg/pal/jellroy
Jetragon,111,Legendary,https://palworld.gg/pal/jetragon
Jolthog,12,Common,https://palworld.gg/pal/jolthog
Jolthog Cryst,12,Common,https://palworld.gg/pal/jolthog-cryst
Jormuntide,101,Epic,https://palworld.gg/pal/jormuntide
Jormuntide Ignis,101,Epic,https://palworld.gg/pal/jormuntide-ignis
Katress,75,Rare,https://palworld.gg/pal/katress
Katress Ignis,75,Rare,https://palworld.gg/pal/katress-ignis
Kelpsea,81,Common,https://palworld.gg/pal/kelpsea
Kelpsea Ignis,81,Common,https://palworld.gg/pal/kelpsea-ignis
Kikit,117,Common,https://palworld.gg/pal/kikit
Killamari,23,Common,https://palworld.gg/pal/killamari
Killamari Primo,23,Common,https://palworld.gg/pal/killamari-primo
Kingpaca,89,Epic,https://palworld.gg/pal/kingpaca
Kingpaca Cryst,89,Epic,https://palworld.gg/pal/kingpaca-cryst
Kitsun,61,Rare,https://palworld.gg/pal/kitsun
Kitsun Noct,61,Rare,https://palworld.gg/pal/kitsun-noct
Knocklem,120,Epic,https://palworld.gg/pal/knocklem
Lamball,1,Common,https://palworld.gg/pal/lamball
Leezpunk,45,Common,https://palworld.gg/pal/leezpunk
Leezpunk Ignis,45,Common,https://palworld.gg/pal/leezpunk-ignis
Lifmunk,4,Common,https://palworld.gg/pal/lifmunk
Loupmoon,46,Common,https://palworld.gg/pal/loupmoon
Loupmoon Cryst,46,Common,https://palworld.gg/pal/loupmoon-cryst
Lovander,69,Rare,https://palworld.gg/pal/lovander
Lullu,115,Common,https://palworld.gg/pal/lullu
Lunaris,63,Rare,https://palworld.gg/pal/lunaris
Lyleen,104,Epic,https://palworld.gg/pal/lyleen
Lyleen Noct,104,Epic,https://palworld.gg/pal/lyleen-noct
Mammorest,90,Epic,https://palworld.gg/pal/mammorest
Mammorest Cryst,90,Epic,https://palworld.gg/pal/mammorest-cryst
Maraith,66,Rare,https://palworld.gg/pal/maraith
Mau,24,Common,https://palworld.gg/pal/mau
Mau Cryst,24,Common,https://palworld.gg/pal/mau-cryst
Melpaca,36,Common,https://palworld.gg/pal/melpaca
Menasting,99,Epic,https://palworld.gg/pal/menasting
Menasting Terra,99,Epic,https://palworld.gg/pal/menasting-terra
Mimog,124,Rare,https://palworld.gg/pal/mimog
Mossanda,33,Rare,https://palworld.gg/pal/mossanda
Mossanda Lux,33,Rare,https://palworld.gg/pal/mossanda-lux
Mozzarina,29,Common,https://palworld.gg/pal/mozzarina
Munchill,146,Common,https://palworld.gg/pal/munchill
Necromus,109,Legendary,https://palworld.gg/pal/necromus
Neptilius,155,Legendary,https://palworld.gg/pal/neptilius
Nitemary,128,Rare,https://palworld.gg/pal/nitemary
Nitewing,38,Common,https://palworld.gg/pal/nitewing
Nox,21,Rare,https://palworld.gg/pal/nox
Nyafia,139,Common,https://palworld.gg/pal/nyafia
Omascul,133,Common,https://palworld.gg/pal/omascul
Orserk,106,Epic,https://palworld.gg/pal/orserk
Paladius,108,Legendary,https://palworld.gg/pal/paladius
Palumba,144,Common,https://palworld.gg/pal/palumba
Pengullet,10,Common,https://palworld.gg/pal/pengullet
Pengullet Lux,10,Common,https://palworld.gg/pal/pengullet-lux
Penking,11,Rare,https://palworld.gg/pal/penking
Penking Lux,11,Rare,https://palworld.gg/pal/penking-lux
Petallia,87,Epic,https://palworld.gg/pal/petallia
Polapup,147,Rare,https://palworld.gg/pal/polapup
Prixter,119,Rare,https://palworld.gg/pal/prixter
Prunelia,138,Rare,https://palworld.gg/pal/prunelia
Purple Slime,-1,Common,https://palworld.gg/pal/purple-slime
Pyrin,58,Rare,https://palworld.gg/pal/pyrin
Pyrin Noct,58,Rare,https://palworld.gg/pal/pyrin-noct
Quivern,95,Rare,https://palworld.gg/pal/quivern
Quivern Botan,95,Epic,https://palworld.gg/pal/quivern-botan
Ragnahawk,74,Rare,https://palworld.gg/pal/ragnahawk
Rainbow Slime,-1,Common,https://palworld.gg/pal/rainbow-slime
Rayhound,60,Rare,https://palworld.gg/pal/rayhound
Red Slime,-1,Common,https://palworld.gg/pal/red-slime
Reindrix,59,Common,https://palworld.gg/pal/reindrix
Relaxaurus,85,Epic,https://palworld.gg/pal/relaxaurus
Relaxaurus Lux,85,Epic,https://palworld.gg/pal/relaxaurus-lux
Reptyro,88,Rare,https://palworld.gg/pal/reptyro
Reptyro Cryst,88,Rare,https://palworld.gg/pal/reptyro-cryst
Ribbuny,39,Common,https://palworld.gg/pal/ribbuny
Ribbuny Botan,39,Common,https://palworld.gg/pal/ribbuny-botan
Robinquill,48,Rare,https://palworld.gg/pal/robinquill
Robinquill Terra,48,Rare,https://palworld.gg/pal/robinquill-terra
Rooby,9,Common,https://palworld.gg/pal/rooby
Rushoar,20,Common,https://palworld.gg/pal/rushoar
Selyne,113,Epic,https://palworld.gg/pal/selyne
Shadowbeak,107,Epic,https://palworld.gg/pal/shadowbeak
Shroomer,116,Common,https://palworld.gg/pal/shroomer
Shroomer Noct,116,Rare,https://palworld.gg/pal/shroomer-noct
Sibelyx,79,Rare,https://palworld.gg/pal/sibelyx
Silvegis,130,Epic,https://palworld.gg/pal/silvegis
Smokie,131,Common,https://palworld.gg/pal/smokie
Sootseer,118,Rare,https://palworld.gg/pal/sootseer
Sparkit,7,Common,https://palworld.gg/pal/sparkit
Splatterina,134,Common,https://palworld.gg/pal/splatterina
Starryon,129,Rare,https://palworld.gg/pal/starryon
Surfent,65,Common,https://palworld.gg/pal/surfent
Surfent Terra,65,Rare,https://palworld.gg/pal/surfent-terra
Suzaku,102,Epic,https://palworld.gg/pal/suzaku
Suzaku Aqua,102,Epic,https://palworld.gg/pal/suzaku-aqua
Swee,53,Common,https://palworld.gg/pal/swee
Sweepa,54,Rare,https://palworld.gg/pal/sweepa
Tanzee,8,Common,https://palworld.gg/pal/tanzee
Tarantriss,135,Common,https://palworld.gg/pal/tarantriss
Teafant,16,Common,https://palworld.gg/pal/teafant
Tocotoco,27,Common,https://palworld.gg/pal/tocotoco
Tombat,68,Rare,https://palworld.gg/pal/tombat
Turtacle,148,Common,https://palworld.gg/pal/turtacle
Turtacle Terra,148,Common,https://palworld.gg/pal/turtacle-terra
Univolt,56,Rare,https://palworld.gg/pal/univolt
Vaelet,78,Epic,https://palworld.gg/pal/vaelet
Vanwyrm,71,Common,https://palworld.gg/pal/vanwyrm
Vanwyrm Cryst,71,Rare,https://palworld.gg/pal/vanwyrm-cryst
Verdash,77,Epic,https://palworld.gg/pal/verdash
Vixy,14,Common,https://palworld.gg/pal/vixy
Warsect,92,Epic,https://palworld.gg/pal/warsect
Warsect Terra,92,Epic,https://palworld.gg/pal/warsect-terra
Whalaska,154,Rare,https://palworld.gg/pal/whalaska
Whalaska Ignis,154,Epic,https://palworld.gg/pal/whalaska-ignis
Wixen,76,Rare,https://palworld.gg/pal/wixen
Wixen Noct,76,Rare,https://palworld.gg/pal/wixen-noct
Woolipop,34,Common,https://palworld.gg/pal/woolipop
Wumpo,91,Rare,https://palworld.gg/pal/wumpo
Wumpo Botan,91,Epic,https://palworld.gg/pal/wumpo-botan
Xenogard,126,Epic,https://palworld.gg/pal/xenogard
Xenolord,127,Epic,https://palworld.gg/pal/xenolord
Xenovader,125,Rare,https://palworld.gg/pal/xenovader
Yakumo,121,Common,https://palworld.gg/pal/yakumo
